INSERT INTO Osoba VALUES ('81020378961', 'Marek', 'Kowalski', '1981-02-03', NULL, '123-456-789', 180, 75.50, 'Mezczyzna', NULL, 'Lewe ucho', 'Czarne', 'Cywylny');
INSERT INTO Osoba VALUES ('91041146481', 'Aleksander', 'Nechyporchuk', '1991-04-11', NULL, '879-534-579', 183, 70.50, 'Mezczyzna', NULL, 'Lewe oraz prawe ucho', 'Czarne', 'Cywylny');
INSERT INTO Osoba VALUES ('02110342365', 'Janusz', 'Wrobel', '2002-11-03', NULL, '284-623-965', 170, 63.40, 'Mezczyzna', 'Smok na lewym ramionie', 'Prawe ucho', 'Blond', 'Cywylny');
INSERT INTO Osoba VALUES ('83050256739', 'Anna', 'Nowak', '1983-05-02', NULL, '987-654-321', 165, 55.75, 'Kobieta', 'Motyl na plecach', NULL, 'Rude', 'Cywylny');
INSERT INTO Osoba VALUES ('75071234567', 'Krzysztof', 'Wojciechowski', '1975-07-12', NULL, '234-567-890', 175, 80.20, 'Mezczyzna', 'Kot na prawej rece', 'Lewe ucho', 'Szatyn', 'Zolnierz');
INSERT INTO Osoba VALUES ('99090123456', 'Karolina', 'Kowalczyk', '1999-09-01', NULL, '543-210-987', 160, 50.00, 'Kobieta', 'Kwiat na kostce', NULL, 'Blond', 'Zolnierz');
INSERT INTO Osoba VALUES ('89080812345', 'Alicja', 'Dabrowska', '1989-08-08', NULL, '162-764-325', 168, 62.80, 'Kobieta', NULL, NULL, 'Brazowe', 'Policjant');
INSERT INTO Osoba VALUES ('80070123456', 'Piotr', 'Kaminski', '1980-07-01', NULL, '367-234-879', 175, 78.00, 'Mezczyzna', 'Delfin na kostce', NULL, 'Czarne', 'Zolnierz');
INSERT INTO Osoba VALUES ('93051234567', 'Magdalena', 'Lis', '1993-05-12', NULL, '964-567-936', 160, 55.50, 'Kobieta', 'Kwiat na karku', NULL, 'Blond', 'Cywylny');
INSERT INTO Osoba VALUES ('87030123456', 'Tomasz', 'Szymanski', '1987-03-01', NULL, '367-723-965', 182, 85.20, 'Mezczyzna', NULL, NULL, 'Rude', 'Zolnierz');
INSERT INTO Osoba VALUES ('95060612345', 'Weronika', 'Jaworska', '1995-06-06', NULL, '948-834-823', 165, 60.30, 'Kobieta', 'Kwiat na nadgarstku', 'Lewe oraz ucho', 'Czarny', 'Cywylny');
INSERT INTO Osoba VALUES ('02021523456', 'Said', 'Mirzaew', '2002-02-15', NULL, '823-823-945', 181, 73.80, 'Mezczyzna', 'Gdwiazda na lewej nodze', NULL, 'Czarne', 'Cywylny');
INSERT INTO Osoba VALUES ('94070834567', 'Natalia', 'Pawlak', '1994-07-08', NULL, '326-834-832', 172, 68.50, 'Kobieta', 'Motyl na stopie', 'Lewe oraz prawe ucho', 'Rude', 'Cywylny');
INSERT INTO Osoba VALUES ('86052423456', 'Radoslaw', 'Kowalewski', '1986-05-24', NULL, '613-834-955', 188, 90.00, 'Mezczyzna', 'Smok na karku', NULL, 'Brazowe', 'Zolnierz');
INSERT INTO Osoba VALUES ('97091234567', 'Katarzyna', 'Witkowska', '1997-09-12', NULL, '836-723-934', 160, 53.70, 'Kobieta', 'Kwiat na kostce', 'Prawe ucho', 'Blond', 'Cywylny');
INSERT INTO Osoba VALUES ('91060523456', 'Mikolaj', 'Mazurek', '1991-06-05', NULL, '935-824-812', 175, 77.30, 'Mezczyzna', 'Smok na ramieniu', NULL, 'Czarne', 'Zolnierz');
INSERT INTO Osoba VALUES ('91070123456', 'Lukasz', 'Jaworski', '1991-07-01', NULL, '812-713-945', 185, 88.50, 'Mezczyzna', 'Smok na plecach', NULL, 'Brazowe', 'Cywylny');
INSERT INTO Osoba VALUES ('96090123456', 'Julia', 'Wojciechowska', '1996-09-01', NULL, '613-831-713', 162, 58.20, 'Kobieta', 'Kwiat na nadgarstku', NULL, 'Blond', 'Zolnierz');
INSERT INTO Osoba VALUES ('82040534567', 'Michal', 'Efimow', '1982-04-05', NULL, '823-124-835', 173, 76.30, 'Mezczyzna', 'Gwiazda na ramieniu', 'Prawe ucho, nos', 'Lysy', 'Cywylny');
INSERT INTO Osoba VALUES ('94020123456', 'Kamila', 'Mazurek', '1994-02-01', NULL, '127-823-823', 170, 65.00, 'Kobieta', NULL, NULL, 'Brazowe', 'Zolnierz');

INSERT INTO Osoba VALUES ('91052056789', 'Ewa', 'Kaminska', '1991-05-20', NULL, '555-666-777', 160, 50.00, 'Kobieta', 'Kwiat na lewej rece', 'Lewe ucho', 'Blond', 'Cywylny');
INSERT INTO Osoba VALUES ('80071098765', 'Tomasz', 'Lisowski', '1980-07-10', NULL, '222-333-444', 178, 85.30, 'Mezczyzna', 'Smok na plecach', 'Prawe ucho', 'Czarne', 'Zolnierz');
INSERT INTO Osoba VALUES ('94030311122', 'Katarzyna', 'Dabrowska', '1994-03-03', NULL, '999-888-777', 165, 60.00, 'Kobieta', 'Serce na lewej rece', 'Prawe ucho', 'Brazowe', 'Cywylny');
INSERT INTO Osoba VALUES ('73112233344', 'Piotr', 'Gorski', '1973-11-22', NULL, '777-888-999', 175, 78.90, 'Mezczyzna', 'Orzel na klatce piersiowej', 'Lewe ucho', 'Czarne', 'Cywylny');
INSERT INTO Osoba VALUES ('88123144455', 'Magdalena', 'Sawicka', '1988-12-31', NULL, '555-444-333', 162, 52.70, 'Kobieta', NULL, 'Brak', 'Blond', 'Cywylny');
INSERT INTO Osoba VALUES ('96050567890', 'Karolina', 'Kowalczyk', '1996-05-05', NULL, '111-222-333', 170, 65.80, 'Kobieta', 'Kwiat na lewej rece', 'Prawe ucho', 'Rude', 'Cywylny');
INSERT INTO Osoba VALUES ('80081587654', 'Adam', 'Nowacki', '1980-08-15', NULL, '987-654-321', 185, 90.00, 'Mezczyzna', 'Skorpion na ramieniu', 'Prawe ucho', 'Brazowe', 'Zolnierz');
INSERT INTO Osoba VALUES ('94112598765', 'Monika', 'Jozwik', '1994-11-25', NULL, '555-666-777', 160, 55.50, 'Kobieta', 'Gwiazda na plecach', 'Lewe ucho', 'Czarne', 'Cywylny');
INSERT INTO Osoba VALUES ('70070211223', 'Marcin', 'Wozniak', '1970-07-02', NULL, '222-333-444', 175, 80.20, 'Mezczyzna', 'Smok na plecach', 'Prawe ucho', 'Blond', 'Zolnierz');
INSERT INTO Osoba VALUES ('90030333444', 'Natalia', 'Krol', '1990-03-03', NULL, '999-888-777', 165, 60.00, 'Kobieta', 'Kwiat na lewej rece', 'Prawe ucho', 'Brazowe', 'Cywylny');
INSERT INTO Osoba VALUES ('72071155566', 'Robert', 'Zawisza', '1972-07-11', NULL, '777-888-999', 175, 78.90, 'Mezczyzna', 'Orzel na klatce piersiowej', 'Lewe ucho', 'Czarne', 'Cywylny');
INSERT INTO Osoba VALUES ('87123166677', 'Ewelina', 'Mazurek', '1987-12-31', NULL, '555-444-333', 162, 52.70, 'Kobieta', NULL, 'Brak', 'Blond', 'Cywylny');
INSERT INTO Osoba VALUES ('95050511122', 'Bartosz', 'Wojcik', '1995-05-05', NULL, '111-222-333', 170, 65.80, 'Mezczyzna', 'Kwiat na lewej rece', 'Prawe ucho', 'Rude', 'Cywylny');
INSERT INTO Osoba VALUES ('88081587654', 'Patrycja', 'Czarnecka', '1988-08-15', NULL, '987-654-321', 185, 90.00, 'Kobieta', 'Skorpion na ramieniu', 'Prawe ucho', 'Brazowe', 'Zolnierz');
INSERT INTO Osoba VALUES ('92112598765', 'Lukasz', 'Majewski', '1992-11-25', NULL, '555-666-777', 160, 55.50, 'Mezczyzna', 'Gwiazda na plecach', 'Lewe ucho', 'Czarne', 'Cywylny');
INSERT INTO Osoba VALUES ('78070211223', 'Kamila', 'Szymanska', '1978-07-02', NULL, '222-333-444', 175, 80.20, 'Kobieta', 'Smok na plecach', 'Prawe ucho', 'Blond', 'Zolnierz');
INSERT INTO Osoba VALUES ('94120333444', 'Damian', 'Kowalczyk', '1994-12-03', NULL, '999-888-777', 165, 60.00, 'Mezczyzna', 'Kwiat na lewej rece', 'Prawe ucho', 'Brazowe', 'Cywylny');
INSERT INTO Osoba VALUES ('71051155566', 'Marta', 'Witkowska', '1971-05-11', NULL, '777-888-999', 175, 78.90, 'Kobieta', 'Orzel na klatce piersiowej', 'Lewe ucho', 'Czarne', 'Cywylny');
INSERT INTO Osoba VALUES ('89123166677', 'Marcin', 'Kaczmarek', '1989-12-31', NULL, '555-444-333', 162, 52.70, 'Mezczyzna', NULL, 'Brak', 'Blond', 'Cywylny');

INSERT INTO Policjanci VALUES ('ZPD123456');
INSERT INTO Policjanci VALUES ('ZPD100213');
INSERT INTO Policjanci VALUES ('ZPD100210');
INSERT INTO Policjanci VALUES ('ZPD100211');
INSERT INTO Policjanci VALUES ('ZPD093257');
INSERT INTO Policjanci VALUES ('ZPD201267');
INSERT INTO Policjanci VALUES ('ZPD093427');
INSERT INTO Policjanci VALUES ('ZPD031572');
INSERT INTO Policjanci VALUES ('ZPD031242');
INSERT INTO Policjanci VALUES ('ZPD476292');
INSERT INTO Policjanci VALUES ('ZSF031572');
INSERT INTO Policjanci VALUES ('ZPG581351');
INSERT INTO Policjanci VALUES ('ZWS629124');
INSERT INTO Policjanci VALUES ('ZHE546794');
INSERT INTO Policjanci VALUES ('ZPW031272');
INSERT INTO Policjanci VALUES ('ZHH031742');
INSERT INTO Policjanci VALUES ('ZWD031342');
INSERT INTO Policjanci VALUES ('ZND031272');
INSERT INTO Policjanci VALUES ('ZPD061251');
INSERT INTO Policjanci VALUES ('ZPD854623');

INSERT INTO Procesy VALUES ('1' , 'Mandat w wysokosci 500 zlotych' );
INSERT INTO Procesy VALUES ('2' , 'Pozbawienie wolnosci na okres do 10 lat bez mozliwosci przedterminowego zwolnienia' );
INSERT INTO Procesy VALUES ('3' , 'Praca spoleczna' );
INSERT INTO Procesy VALUES ('4' , 'Pozbawienie wolnosci na okres do 3 lat z mozliwoscia przedterminowego zwolnienia' );
INSERT INTO Procesy VALUES ('5' , 'Pozbawienie wolnosci na okres do 2 lat z mozliwoscia przedterminowego zwolnienia' );
INSERT INTO Procesy VALUES ('6' , 'Pozbawienie wolnosci na okres do 6 lat z mozliwoscia przedterminowego zwolnienia' );
INSERT INTO Procesy VALUES ('7' , 'Wyplacic odszkodowanie ofierze, mandat w wysokosci 10000 zlotych' );
INSERT INTO Procesy VALUES ('8' , 'Praca spoleczna' );
INSERT INTO Procesy VALUES ('9' , 'Pozbawienie wolnosci na okres do 8 lat bez mozliwosci przedterminowego zwolnienia' );
INSERT INTO Procesy VALUES ('10' , 'Praca spoleczna' );
INSERT INTO Procesy VALUES ('11' , 'Pozbawienie wolnosci na okres do 5 lat z mozliwoscia przedterminowego zwolnienia' );
INSERT INTO Procesy VALUES ('12' , 'Praca spoleczna' );
INSERT INTO Procesy VALUES ('13' , 'Mandat w wysokosci 1000 zlotych' );
INSERT INTO Procesy VALUES ('14' , 'Pozbawienie wolnosci na okres do 5 lat bez mozliwosci przedterminowego zwolnienia' );
INSERT INTO Procesy VALUES ('15' , NULL );
INSERT INTO Procesy VALUES ('16' , 'Pozbawienie wolnosci na okres do 15 lat bez mozliwosci przedterminowego zwolnienia' );
INSERT INTO Procesy VALUES ('17' , 'Pozbawienie wolnosci na okres do 8 lat bez mozliwosci przedterminowego zwolnienia' );
INSERT INTO Procesy VALUES ('18' , NULL );
INSERT INTO Procesy VALUES ('19' , 'Pozbawienie wolnosci na okres do 7 lat bez mozliwosci przedterminowego zwolnienia' );
INSERT INTO Procesy VALUES ('20' , NULL );

INSERT INTO Dowody VALUES ('1', NULL, 'Jest', 'Niema', NULL);
INSERT INTO Dowody VALUES ('2', 'Pistolet w mieszkaniu', 'Niema', 'Niema', 'Glock-14');
INSERT INTO Dowody VALUES ('3', NULL, 'Jest', 'Niema', NULL);
INSERT INTO Dowody VALUES ('4', NULL, 'Niema', 'Niema', NULL);
INSERT INTO Dowody VALUES ('5', 'Kij bejsbolowy w salonie', 'Jest', 'Jest', NULL);
INSERT INTO Dowody VALUES ('6', '100 gram heroiny w szafie', 'Niema', 'Niema', NULL);
INSERT INTO Dowody VALUES ('7', NULL, 'Jest', 'Jest', 'Smith and Wesson MP');
INSERT INTO Dowody VALUES ('8', NULL, 'Niema', 'Niema', NULL);
INSERT INTO Dowody VALUES ('9', NULL, 'Jest', 'Niema', NULL);
INSERT INTO Dowody VALUES ('10', NULL, 'Niema', 'Niema', NULL);
INSERT INTO Dowody VALUES ('11', 'Kij bejsbolowy w garazy', 'Jest', 'Jest', NULL);
INSERT INTO Dowody VALUES ('12', NULL, 'Niema', 'Niema', NULL);
INSERT INTO Dowody VALUES ('13', 'Zdiecie sasiada pod poduszka', 'Niema', 'Niema', NULL);
INSERT INTO Dowody VALUES ('14', 'Pistolet w mieszkaniu', 'Niema', 'Niema', 'Remington 870');
INSERT INTO Dowody VALUES ('15', 'Damska torebka w korytarzy', 'Niema', 'Niema', NULL);
INSERT INTO Dowody VALUES ('16', 'Skrzynka z amunicja w piwnicy', 'Niema', 'Niema', 'Ak-47');
INSERT INTO Dowody VALUES ('17', 'Skrzynka z amunicja w piwnicy', 'Niema', 'Jest', 'Glock-14');
INSERT INTO Dowody VALUES ('18', NULL, 'Jest', 'Jest', NULL);
INSERT INTO Dowody VALUES ('19', NULL, 'Niema', 'Niema', NULL);
INSERT INTO Dowody VALUES ('20', 'Kajdanki w sypialni', 'Niema', 'Jest', NULL);

INSERT INTO Przestepstwa VALUES ('1', 'Kradziez', '2023-07-08', NULL, 'Stefana Krywenko 27, 1', 'Kradziez psa', 'Wykryte','1');
INSERT INTO Przestepstwa VALUES ('2', 'Zabojstwo', '2022-07-08', NULL, 'Stefana Krywenko 22, 1', 'Niechcace zabojstwo kobiety', 'Wykryte','2');
INSERT INTO Przestepstwa VALUES ('3', 'Oszustwo', '2023-01-15', '12:30', 'Aleje Jerozolimskie 123', 'Oszukanie starszej pani', 'Wykryte','3');
INSERT INTO Przestepstwa VALUES ('4', 'Napad', '2023-03-20', '18:45', 'Marszalkowska 56', 'Napad na sklep spozywczy', 'Wykryte','4');
INSERT INTO Przestepstwa VALUES ('5', 'Wandalizm', '2023-05-10', '23:00', 'Nowy Swiat 78', 'Rozbicie witryn sklepowych', 'Wykryte','5');
INSERT INTO Przestepstwa VALUES ('6', 'Narkotyki', '2023-02-05', '15:20', 'Chmielna 40', 'Posiadanie narkotykow w duzej ilosci', 'Wykryte','6');
INSERT INTO Przestepstwa VALUES ('7', 'Kradziez', '2023-06-12', '08:00', 'Targowa 15', 'Kradziez samochodu', 'Wykryte','7');
INSERT INTO Przestepstwa VALUES ('8', 'Bijatyka', '2023-04-30', '21:10', 'Zlota 12', 'Bijatyka pijana', 'Wykryte','8');
INSERT INTO Przestepstwa VALUES ('9', 'Przemoc domowa', '2022-10-17', '19:30', 'Krucza 8', 'Przemoc w rodzinie', 'Wykryte','9');
INSERT INTO Przestepstwa VALUES ('10', 'Kradziez', '2023-08-05', NULL, 'Jana Pawla II 33', 'Kradziez roweru', 'Wykryte','10');
INSERT INTO Przestepstwa VALUES ('11', 'Wlamania', '2022-11-20', '03:45', 'Panska 10', 'Wlamanie do sklepu', 'Wykryte','11');
INSERT INTO Przestepstwa VALUES ('12', 'Narkotyki', '2023-01-02', '01:00', 'Plac Konstytucji 5', 'Sprzedaz narkotykow w duzej ilosci', 'Wykryte','12');
INSERT INTO Przestepstwa VALUES ('13', 'Znecanie sie', '2023-04-18', '17:15', 'Mokotowska 19', 'Stalkowanie i znecanie sie ', 'Wykryte','13');
INSERT INTO Przestepstwa VALUES ('14', 'Napasc', '2022-09-10', '22:30', 'Pulawska 88', 'Napad na stacje benzynowa', 'Wykryte','14');
INSERT INTO Przestepstwa VALUES ('15', 'Zlodziejstwo', '2023-12-12', '12:00', 'Bracka 7', 'Kradziez rzecz osobistych', 'Wykryte','15');
INSERT INTO Przestepstwa VALUES ('16', 'Handel ludzmi', '2022-06-25', NULL, 'Zwirki i Wigury 67', 'Handel ludzmi h duzych ilosciach', 'Wykryte','16');
INSERT INTO Przestepstwa VALUES ('17', 'Wlamania', '2023-09-15', '14:20', 'Sienkiewicza 14', 'Wlamanie sie do terenu prywatnego', 'Wykryte','17');
INSERT INTO Przestepstwa VALUES ('18', 'Pobicie', '2023-12-05', '20:10', 'Wspolna 21', 'Pobicie osoby', 'Wykryte','18');
INSERT INTO Przestepstwa VALUES ('19', 'Kradziez', '2023-07-30', NULL, 'Mazowiecka 9', 'Kradziez dokumentow oraz ich wykorzystanie', 'Wykryte','19');
INSERT INTO Przestepstwa VALUES ('20', 'Szpiegostwo', '2023-12-18', NULL, 'Nowogrodzka 15', 'Szpiegostwo za cudza osoba', 'Wykryte','20');

INSERT INTO Potencjalny_udzial_w_przestepstwie VALUES ('1', 'Dom', 'Ogladal mecz z pilki noznej','81020378961','1');
INSERT INTO Potencjalny_udzial_w_przestepstwie VALUES ('2', 'Klub nocny "Maska"', 'Spedzal czas w klubie','91041146481','2');
INSERT INTO Potencjalny_udzial_w_przestepstwie VALUES ('3', 'Park miejski', 'Spacerowal po parku','02110342365','3');
INSERT INTO Potencjalny_udzial_w_przestepstwie VALUES ('4', 'Kawiarnia "Espresso"', 'Pijal kawe','83050256739','4');
INSERT INTO Potencjalny_udzial_w_przestepstwie VALUES ('5', 'Praca', 'Pracowal nad projektem','75071234567','5');
INSERT INTO Potencjalny_udzial_w_przestepstwie VALUES ('6', 'Centrum handlowe "Galeria"', 'Robil zakupy','99090123456','6');
INSERT INTO Potencjalny_udzial_w_przestepstwie VALUES ('7', 'Silownia "FitZone"', 'Cwiczyl na silowni','89080812345','7');
INSERT INTO Potencjalny_udzial_w_przestepstwie VALUES ('8', 'Uniwersytet Lodzski', 'Uczyl sie do egzaminu','93051234567','8');
INSERT INTO Potencjalny_udzial_w_przestepstwie VALUES ('9', 'Plaza', 'Opalal sie na plazy','87030123456','9');
INSERT INTO Potencjalny_udzial_w_przestepstwie VALUES ('10', 'Biblioteka publiczna', 'Czytal ksiazki','95060612345','10');
INSERT INTO Potencjalny_udzial_w_przestepstwie VALUES ('11', 'Teatr "Sztuka"', 'Ogladal przedstawienie teatralne','02021523456','11');
INSERT INTO Potencjalny_udzial_w_przestepstwie VALUES ('12', 'Restauracja "La Bella"', 'Obiadowal w restauracji','94070834567','12');
INSERT INTO Potencjalny_udzial_w_przestepstwie VALUES ('13', 'Wycieczka rowerowa', 'Jezdzil na wycieczce rowerowej','86052423456','13');
INSERT INTO Potencjalny_udzial_w_przestepstwie VALUES ('14', 'Przemytowy punkt obserwacyjny', 'Podgladal ruch graniczny','97091234567','14');
INSERT INTO Potencjalny_udzial_w_przestepstwie VALUES ('15', 'Kino "Filmowy Raj"', 'Ogladal film w kinie','91060523456','15');
INSERT INTO Potencjalny_udzial_w_przestepstwie VALUES ('16', 'Skatepark', 'Jezdzil na deskorolce w skateparku','91070123456','16');
INSERT INTO Potencjalny_udzial_w_przestepstwie VALUES ('17', 'Muzeum Historii Naturalnej', 'Zwiedzal muzeum','96090123456','17');
INSERT INTO Potencjalny_udzial_w_przestepstwie VALUES ('18', 'Sala koncertowa', 'Sluchal koncertu','96090123456','18');
INSERT INTO Potencjalny_udzial_w_przestepstwie VALUES ('19', 'Podworko', 'Bawil sie na podworku','87030123456','19');
INSERT INTO Potencjalny_udzial_w_przestepstwie VALUES ('20', 'Basen miejski', 'Plywal na basenie','02021523456','20');

INSERT INTO Udzial_Swiadkow VALUES  ('1', 'Widzialem podejrzanego.','81020378961','1');
INSERT INTO Udzial_Swiadkow VALUES  ('2', 'Pamietam, ze byl ubrany na czarno i mial kapelusz.','91041146481','2');
INSERT INTO Udzial_Swiadkow VALUES  ('3', 'Widzialem napastnika uciekajacego z miejsca zdarzenia.','02110342365','3');
INSERT INTO Udzial_Swiadkow VALUES  ('4', 'Jeden z nich mial tatuaz.','83050256739','4');
INSERT INTO Udzial_Swiadkow VALUES  ('5', 'Slyszalem krzyki i widzialem samochod odjezdzajacy z miejsca przestepstwa.','75071234567','5');
INSERT INTO Udzial_Swiadkow VALUES  ('6', 'Nie widzialem dokladnie twarzy, ale slyszalem, ze ktos krzyczal o pomoc.','99090123456','6');
INSERT INTO Udzial_Swiadkow VALUES  ('7', 'Nie widzialem dokladnie twarzy, ale slyszalem, ze ktos krzyczal o pomoc.','75071234567','5');
INSERT INTO Udzial_Swiadkow VALUES  ('8', 'Osoba byla ubrana na czarno i miala tatuaz na kostce.','93051234567','8');
INSERT INTO Udzial_Swiadkow VALUES  ('9', 'Slyszalem krzyki','87030123456','9');
INSERT INTO Udzial_Swiadkow VALUES  ('10', 'Byla ubrana na niebiesko i miala torbe z logo sklepu.','95060612345','10');
INSERT INTO Udzial_Swiadkow VALUES  ('11', 'Slyszalem halas obok i podejrzewam awanture.','02021523456','11');
INSERT INTO Udzial_Swiadkow VALUES  ('12', 'Widzialam mezczyzne nie slowianskiej narodowosci','94070834567','12');
INSERT INTO Udzial_Swiadkow VALUES  ('13', 'Slyszalem strzaly i widzialem kogos uciekajacego z bronia.','86052423456','13');
INSERT INTO Udzial_Swiadkow VALUES  ('14', 'Nie widzialem nikogo, ale slyszalem krzyki i halas.','97091234567','14');
INSERT INTO Udzial_Swiadkow VALUES  ('15', 'Slyszalam krzyki i halas','91060523456','14');
INSERT INTO Udzial_Swiadkow VALUES  ('16', 'Slyszalam krzyki w piwnice sasiada','91070123456','16');
INSERT INTO Udzial_Swiadkow VALUES  ('17', 'Pies czesto warczal kolo piwnicy','96090123456','16');
INSERT INTO Udzial_Swiadkow VALUES  ('18', 'Widzialem dwoch klocacych mezczyzni','96090123456','18');
INSERT INTO Udzial_Swiadkow VALUES  ('19', 'Slyszalem dziwne jeki z krzakow','87030123456','18');
INSERT INTO Udzial_Swiadkow VALUES  ('20', 'Zauwazylem ze moj sasiad ciagle na mnie patrzy przez ostatnie 3 tygodnie','02021523456','20');

INSERT INTO Udzial_policji VALUES  ('1', 'Przeszukanie budynku potencjalnego przestepcy, przesluchiwanie swiadkow','ZPD123456');
INSERT INTO Udzial_policji VALUES  ('2', 'Aresztowanie podejrzanego o zabojstwo, przesluchiwanie swiadkow, przeszukanie domu podejrzanego','ZPD031572');
INSERT INTO Udzial_policji VALUES  ('3', 'Monitorowanie i sledzenie podejrzanego, zatrzymanie podejrzanego','ZPD100210');
INSERT INTO Udzial_policji VALUES  ('4', 'Przesluchiwanie swiadkow, przeszukanie terenu pod katem materialow niebezpiecznych, zatrzymanie podejrzanego o napad z bronia','ZPD031572');
INSERT INTO Udzial_policji VALUES  ('5', 'Przeszukanie oraz zatrzymanie podejrzanych, przesluchiwanie swiadkow','ZPD093257');
INSERT INTO Udzial_policji VALUES  ('6', 'Udzial w operacji antynarkotykowej','ZPD201267');
INSERT INTO Udzial_policji VALUES  ('7', 'Przesluchiwanie swiadkow, przeszukanie terenu pod katem wskazowek, sprawdzenie kamer','ZPD031572');
INSERT INTO Udzial_policji VALUES  ('8', 'Zatrzymanie przestepc, przesluchiwanie swiadkow','ZPD031572');
INSERT INTO Udzial_policji VALUES  ('9', 'Interwencja w sytuacji domowej przemocy','ZPD031242');
INSERT INTO Udzial_policji VALUES  ('10', 'Przesluchiwanie swiadkow, przeszukanie terenu pod katem wskazowek, sprawdzenie kamer, zatrzymanie podejrzanego','ZPD476292');
INSERT INTO Udzial_policji VALUES  ('11', 'Monitorowanie i sledzenie podejrzanego, przesluchiwanie swiadkow, przeszukanie terenu pod katem wskazowek','ZSF031572');
INSERT INTO Udzial_policji VALUES  ('12', 'Monitorowanie i sledzenie podejrzanego, przesluchiwanie swiadkow, zatrzymanie podejrzanego','ZPG581351');
INSERT INTO Udzial_policji VALUES  ('13', 'Monitorowanie i sledzenie podejrzanego, zarzymanie podejrzanego, przesluchiwanie swiadkow','ZWS629124');
INSERT INTO Udzial_policji VALUES  ('14', 'Aresztowanie podejrzanego, przesluchiwanie swiadkow, przeszukanie domu podejrzanego, sprawdzenie kamer','ZHE546794');
INSERT INTO Udzial_policji VALUES  ('15', 'Aresztowanie podejrzanego, przesluchiwanie swiadkow, przeszukanie domu podejrzanego, sprawdzenie kamer','ZPD031242');
INSERT INTO Udzial_policji VALUES  ('16', 'Badanie miejscowej dzialalnosci przestepczej, aresztowanie podejrzanego, przesluchiwanie swiadkow, przeszukanie domu podejrzanego oraz piwnicy, wspolpraca z innymi jednostkami w celu scigania przestepstwa','ZHH031742');
INSERT INTO Udzial_policji VALUES  ('17', 'Przesluchiwanie swiadkow, przeszukanie terenu pod katem wskazowek, sprawdzenie kamer, zatrzymanie podejrzanego','ZWD031342');
INSERT INTO Udzial_policji VALUES  ('18', 'Aresztowanie podejrzanego, przesluchiwanie swiadkow, sprawdzenie kamer','ZPD031242');
INSERT INTO Udzial_policji VALUES  ('19', 'Przeszukanie domu podejrzanego oraz piwnicy, wspolpraca z innymi jednostkami w celu scigania przestepstwa, aresztowanie podejrzanego','ZPD061251');
INSERT INTO Udzial_policji VALUES  ('20', 'Aresztowanie podejrzanego, przesluchiwanie swiadkow, przeszukanie domu podejrzanego','ZPD031242');

INSERT INTO Udzial_przestepcy_w_przestepstwie VALUES  ('1', 'Ukradl u sasiada psa','Gdansk, Traugutta 115B','81020378961','1');
INSERT INTO Udzial_przestepcy_w_przestepstwie VALUES  ('2', 'Niechcace zabil kolezanke','Gdynia, Dluga 22','91041146481','2');
INSERT INTO Udzial_przestepcy_w_przestepstwie VALUES  ('3', 'Wyciagnal pieniadze od starszej pani pod pretekstem leczenia wnuka','Warszawa, Nowogrodzka 15','02110342365','3');
INSERT INTO Udzial_przestepcy_w_przestepstwie VALUES ('4', 'Przeprowadzil napad na sklep spozywczy', 'Warszawa, Marszalkowska 56','83050256739','4');
INSERT INTO Udzial_przestepcy_w_przestepstwie VALUES ('5', 'Rozbil witryny sklepowe', 'Warszawa, Nowy Swiat 78','75071234567','5');
INSERT INTO Udzial_przestepcy_w_przestepstwie VALUES ('6', 'Posiadal 10 gram amfetaminy w kyszeni', 'Warszawa, Chmielna 40','99090123456','6');
INSERT INTO Udzial_przestepcy_w_przestepstwie VALUES ('7', 'Ukradl samochod z parkingu', 'Warszawa, Targowa 15','89080812345','7');
INSERT INTO Udzial_przestepcy_w_przestepstwie VALUES ('8', 'Bral udzial w bijatyce przed klubem nocnym', 'Warszawa, Zlota 12','93051234567','8');
INSERT INTO Udzial_przestepcy_w_przestepstwie VALUES ('9', 'Regularnie bil zone patykiem', 'Warszawa, Krucza 8','87030123456','9');
INSERT INTO Udzial_przestepcy_w_przestepstwie VALUES ('10', 'Ukradl rower z parkingu', 'Warszawa, Jana Pawla II 33','95060612345','10');
INSERT INTO Udzial_przestepcy_w_przestepstwie VALUES ('11', 'Wlamal sie do sklepu elektronicznego', 'Warszawa, Panska 10','02021523456','11');
INSERT INTO Udzial_przestepcy_w_przestepstwie VALUES ('12', 'Chcial sprzedac 50 gram amfetaminy', 'Warszawa, Plac Konstytucji 5','94070834567','12');
INSERT INTO Udzial_przestepcy_w_przestepstwie VALUES ('13', 'Stalkowal i znecal sie nad swoim sasiadem', 'Warszawa, Mokotowska 19','86052423456','13');
INSERT INTO Udzial_przestepcy_w_przestepstwie VALUES ('14', 'Wlamal sie do stacji benzynowej', 'Warszawa, Pulawska 88','97091234567','14');
INSERT INTO Udzial_przestepcy_w_przestepstwie VALUES ('15', 'Ukradl portfel z torebki kobiety', 'Warszawa, Bracka 7','91060523456','15');
INSERT INTO Udzial_przestepcy_w_przestepstwie VALUES ('16', 'Handlowal ludzmi', 'Warszawa, Zwirki i Wigury 67','91070123456','16');
INSERT INTO Udzial_przestepcy_w_przestepstwie VALUES ('17', 'Wlamal sie do domu prywatnego', 'Warszawa, Sienkiewicza 14','96090123456','17');
INSERT INTO Udzial_przestepcy_w_przestepstwie VALUES ('18', 'Pobil kolege po klotni', 'Warszawa, Wspolna 21','96090123456','18');
INSERT INTO Udzial_przestepcy_w_przestepstwie VALUES ('19', 'Ukradl dokumenty i korzystal z cudzej tozsamosci', 'Warszawa, Mazowiecka 9','87030123456','19');
INSERT INTO Udzial_przestepcy_w_przestepstwie VALUES ('20', 'Szpiegowal za sasiadem w ciagu dwoch miesiecy', 'Warszawa, Nowogrodzka 15','02021523456','20');

INSERT INTO Udzial_ofiary VALUES  ('1', 'Zostala bez psa','91052056789','1');
INSERT INTO Udzial_ofiary VALUES  ('2', 'Zmarla','80071098765','2');
INSERT INTO Udzial_ofiary VALUES  ('3', 'Poniosla szkode w wysokosci 5000 zlotych','94030311122','3');
INSERT INTO Udzial_ofiary VALUES  ('4', 'Poniosla szkode w wysokosci 10000 zlotych','73112233344','4');
INSERT INTO Udzial_ofiary VALUES  ('5', 'Poniosla szkode w wysokosci 5000 zlotych','88123144455','5');
INSERT INTO Udzial_ofiary VALUES  ('6', 'Zostala bez dokumentow w samochodzie','80081587654','7');
INSERT INTO Udzial_ofiary VALUES  ('7', 'Zostala bez samochodu i 5 puszek zywca w bagazniku','80081587654','7');
INSERT INTO Udzial_ofiary VALUES  ('8', 'Zostala z zlamanym nosem','94112598765','8');
INSERT INTO Udzial_ofiary VALUES  ('9', 'Przezywa traume psychiczna, wiele siniakow na ciele','70070211223','9');
INSERT INTO Udzial_ofiary VALUES  ('10', 'Zostala bez roweru','90030333444','10');
INSERT INTO Udzial_ofiary VALUES  ('11', 'Poniosla szkode w wysokosci 7625 zlotych','72071155566','11');
INSERT INTO Udzial_ofiary VALUES  ('12', 'Niema','72071155566','11');
INSERT INTO Udzial_ofiary VALUES  ('13', 'Przezywa traume psychiczna','95050511122','13');
INSERT INTO Udzial_ofiary VALUES  ('14', 'Poniosla szkode w wysokosci 3412 zlotych','88081587654','14');
INSERT INTO Udzial_ofiary VALUES  ('15', 'Poniosl szkode w wysokosci 1400 zlotych','92112598765','15');
INSERT INTO Udzial_ofiary VALUES  ('16', 'Przezywa traume psychiczna oraz wiele siniakow na ciele','78070211223','16');
INSERT INTO Udzial_ofiary VALUES  ('17', 'Poniosl szkode w wysokosci 4000 zlotych, zoltaly zlamane okna oraz rozbita droga waza','72071155566','17');
INSERT INTO Udzial_ofiary VALUES  ('18', 'Zlamany nos, wiele siniakow, wstrzas mozgu','94120333444','18');
INSERT INTO Udzial_ofiary VALUES  ('19', 'Zostala bez dokumentow, wszystkie karty bankowe zostaly zablokowane','71051155566','19');
INSERT INTO Udzial_ofiary VALUES  ('20', 'Przezywa traume psychiczna','89123166677','20');

INSERT INTO Zatrzymania VALUES  ('1', NULL,'2023-07-25');
INSERT INTO Zatrzymania VALUES  ('2', NULL,'2023-07-25');
INSERT INTO Zatrzymania VALUES  ('3', 'ul. do Studzienki 3, Wroclaw', '2023-02-15');
INSERT INTO Zatrzymania VALUES  ('4', 'ul. Wesola 1, Warszawa', '2023-11-20');
INSERT INTO Zatrzymania VALUES  ('5', NULL, '2023-05-24');
INSERT INTO Zatrzymania VALUES  ('6', 'ul. Losowa 6, Lublin', '2023-04-23');
INSERT INTO Zatrzymania VALUES  ('7', NULL, '2023-11-12');
INSERT INTO Zatrzymania VALUES  ('8', 'ul. Prosta 8, Szczecin', '2023-12-30');
INSERT INTO Zatrzymania VALUES  ('9', NULL, '2023-10-17');
INSERT INTO Zatrzymania VALUES  ('10', 'ul. Niepodleglosci 10, Bialystok', '2023-11-04');
INSERT INTO Zatrzymania VALUES  ('11', NULL, '2023-11-20');
INSERT INTO Zatrzymania VALUES  ('12', 'ul. Stara 12, Gdynia', '2023-11-15');
INSERT INTO Zatrzymania VALUES  ('13', 'ul. Siedlicka 13, Krakow', '2023-04-23');
INSERT INTO Zatrzymania VALUES  ('14', 'ul. Gdanska 14, Warszawa', '2023-07-25');
INSERT INTO Zatrzymania VALUES  ('15', 'ul. Jana Kasprowicza 15, Lodz', '2023-12-29');
INSERT INTO Zatrzymania VALUES  ('16', 'ul. Nowa 16, Wroclaw', '2023-06-25');
INSERT INTO Zatrzymania VALUES  ('17', 'ul. Krakowska 17, Poznan', '2023-11-15');
INSERT INTO Zatrzymania VALUES  ('18', NULL, '2023-12-23');
INSERT INTO Zatrzymania VALUES  ('19', 'ul. Nowy Swiat 19, Katowice', '2023-07-25');
INSERT INTO Zatrzymania VALUES  ('20', 'ul. Gabriela Narutowicza 11/12, Gdansk', '2023-12-28');

INSERT INTO Dzial_pol_Przestepstwa VALUES  ('1','1');
INSERT INTO Dzial_pol_Przestepstwa VALUES  ('2','2');
INSERT INTO Dzial_pol_Przestepstwa VALUES  ('3','3');
INSERT INTO Dzial_pol_Przestepstwa VALUES  ('4','4');
INSERT INTO Dzial_pol_Przestepstwa VALUES  ('5','5');
INSERT INTO Dzial_pol_Przestepstwa VALUES  ('6','6');
INSERT INTO Dzial_pol_Przestepstwa VALUES  ('7','7');
INSERT INTO Dzial_pol_Przestepstwa VALUES  ('8','8');
INSERT INTO Dzial_pol_Przestepstwa VALUES  ('9','9');
INSERT INTO Dzial_pol_Przestepstwa VALUES  ('10','10');
INSERT INTO Dzial_pol_Przestepstwa VALUES  ('11','11');
INSERT INTO Dzial_pol_Przestepstwa VALUES  ('12','12');
INSERT INTO Dzial_pol_Przestepstwa VALUES  ('13','13');
INSERT INTO Dzial_pol_Przestepstwa VALUES  ('14','14');
INSERT INTO Dzial_pol_Przestepstwa VALUES  ('15','15');
INSERT INTO Dzial_pol_Przestepstwa VALUES  ('16','16');
INSERT INTO Dzial_pol_Przestepstwa VALUES  ('17','17');
INSERT INTO Dzial_pol_Przestepstwa VALUES  ('18','18');
INSERT INTO Dzial_pol_Przestepstwa VALUES  ('19','19');
INSERT INTO Dzial_pol_Przestepstwa VALUES  ('20','20');


INSERT INTO Osoba_Zatrzymania VALUES  ('81020378961','1');
INSERT INTO Osoba_Zatrzymania VALUES  ('91041146481','2');
INSERT INTO Osoba_Zatrzymania VALUES  ('02110342365','3');
INSERT INTO Osoba_Zatrzymania VALUES  ('83050256739','4');
INSERT INTO Osoba_Zatrzymania VALUES  ('75071234567','5');
INSERT INTO Osoba_Zatrzymania VALUES  ('99090123456','6');
INSERT INTO Osoba_Zatrzymania VALUES  ('89080812345','7');
INSERT INTO Osoba_Zatrzymania VALUES  ('80070123456','8');
INSERT INTO Osoba_Zatrzymania VALUES  ('93051234567','9');
INSERT INTO Osoba_Zatrzymania VALUES  ('87030123456','10');
INSERT INTO Osoba_Zatrzymania VALUES  ('95060612345','11');
INSERT INTO Osoba_Zatrzymania VALUES  ('02021523456','12');
INSERT INTO Osoba_Zatrzymania VALUES  ('94070834567','13');
INSERT INTO Osoba_Zatrzymania VALUES  ('86052423456','14');
INSERT INTO Osoba_Zatrzymania VALUES  ('97091234567','15');
INSERT INTO Osoba_Zatrzymania VALUES  ('91060523456','16');
INSERT INTO Osoba_Zatrzymania VALUES  ('91070123456','17');
INSERT INTO Osoba_Zatrzymania VALUES  ('96090123456','18');
INSERT INTO Osoba_Zatrzymania VALUES  ('82040534567','19');
INSERT INTO Osoba_Zatrzymania VALUES  ('94020123456','20');

INSERT INTO Zatrzymania_Przestepstwa VALUES  ('1','1');
INSERT INTO Zatrzymania_Przestepstwa VALUES  ('2','2');
INSERT INTO Zatrzymania_Przestepstwa VALUES  ('3','3');
INSERT INTO Zatrzymania_Przestepstwa VALUES  ('4','4');
INSERT INTO Zatrzymania_Przestepstwa VALUES  ('5','5');
INSERT INTO Zatrzymania_Przestepstwa VALUES  ('6','6');
INSERT INTO Zatrzymania_Przestepstwa VALUES  ('7','7');
INSERT INTO Zatrzymania_Przestepstwa VALUES  ('8','8');
INSERT INTO Zatrzymania_Przestepstwa VALUES  ('9','9');
INSERT INTO Zatrzymania_Przestepstwa VALUES  ('10','10');
INSERT INTO Zatrzymania_Przestepstwa VALUES  ('11','11');
INSERT INTO Zatrzymania_Przestepstwa VALUES  ('12','12');
INSERT INTO Zatrzymania_Przestepstwa VALUES  ('13','13');
INSERT INTO Zatrzymania_Przestepstwa VALUES  ('14','14');
INSERT INTO Zatrzymania_Przestepstwa VALUES  ('15','15');
INSERT INTO Zatrzymania_Przestepstwa VALUES  ('16','16');
INSERT INTO Zatrzymania_Przestepstwa VALUES  ('17','17');
INSERT INTO Zatrzymania_Przestepstwa VALUES  ('18','18');
INSERT INTO Zatrzymania_Przestepstwa VALUES  ('19','19');
INSERT INTO Zatrzymania_Przestepstwa VALUES  ('20','20');

INSERT INTO Przestepstwa_Dowody VALUES  ('1','1');
INSERT INTO Przestepstwa_Dowody VALUES  ('2','2');
INSERT INTO Przestepstwa_Dowody VALUES  ('3','3');
INSERT INTO Przestepstwa_Dowody VALUES  ('4','4');
INSERT INTO Przestepstwa_Dowody VALUES  ('5','5');
INSERT INTO Przestepstwa_Dowody VALUES  ('6','6');
INSERT INTO Przestepstwa_Dowody VALUES  ('7','7');
INSERT INTO Przestepstwa_Dowody VALUES  ('8','8');
INSERT INTO Przestepstwa_Dowody VALUES  ('9','9');
INSERT INTO Przestepstwa_Dowody VALUES  ('10','10');
INSERT INTO Przestepstwa_Dowody VALUES  ('11','11');
INSERT INTO Przestepstwa_Dowody VALUES  ('12','12');
INSERT INTO Przestepstwa_Dowody VALUES  ('13','13');
INSERT INTO Przestepstwa_Dowody VALUES  ('14','14');
INSERT INTO Przestepstwa_Dowody VALUES  ('15','15');
INSERT INTO Przestepstwa_Dowody VALUES  ('16','16');
INSERT INTO Przestepstwa_Dowody VALUES  ('17','17');
INSERT INTO Przestepstwa_Dowody VALUES  ('18','18');
INSERT INTO Przestepstwa_Dowody VALUES  ('19','19');
INSERT INTO Przestepstwa_Dowody VALUES  ('20','20');
